searchSteps,startWeight,endWeight,exponent,dynamicEnabled,levelPack,levelIndex,win,% travelled,run time,game ticks,planning time,total plannings,nodes evaluated,most backtracked nodes
3,0.6,1.2,3.0,true,original,1,true,1.00,1043,380,980,28,42578,2870
3,0.6,1.2,3.0,true,original,2,true,1.00,1369,291,1335,37,53417,2660
3,0.6,1.2,3.0,true,original,3,true,1.00,673,271,652,18,23760,2696
3,0.6,1.2,3.0,true,original,4,true,1.00,4236,458,4228,124,462988,3802
3,0.6,1.2,3.0,true,original,5,true,1.00,8511,480,8471,255,1016876,3899
3,0.6,1.2,3.0,true,original,6,true,1.00,1111,271,1107,31,89053,2342
3,0.6,1.2,3.0,true,original,7,true,1.00,5317,424,5298,160,667615,2010
3,0.6,1.2,3.0,true,original,8,true,1.00,203,311,194,6,11535,995
3,0.6,1.2,3.0,true,original,9,true,1.00,5171,384,5148,153,338838,1157
3,0.6,1.2,3.0,true,original,10,true,1.00,177,279,176,5,11561,1769
3,0.6,1.2,3.0,true,original,11,true,1.00,5501,382,5455,165,429784,1437
3,0.6,1.2,3.0,true,original,12,true,1.00,12716,546,12707,388,1065142,2489
3,0.6,1.2,3.0,true,original,13,true,1.00,4,306,3,1,202,45
3,0.6,1.2,3.0,true,original,14,true,1.00,128,339,124,4,8316,1296
3,0.6,1.2,3.0,true,original,15,true,1.00,22788,888,22749,693,1769107,2697
3,0.6,1.2,3.0,true,krys,1,true,1.00,11759,493,11738,370,1044722,2272
3,0.6,1.2,3.0,true,krys,2,true,1.00,5761,370,5743,173,436364,2239
3,0.6,1.2,3.0,true,krys,3,true,1.00,10598,476,10597,334,940743,2299
3,0.6,1.2,3.0,true,krys,4,true,1.00,8402,406,8400,266,686599,2305
3,0.6,1.2,3.0,true,krys,5,true,1.00,23,343,10,1,803,141
3,0.6,1.2,3.0,true,krys,6,true,1.00,7526,353,7525,228,634880,2652
3,0.6,1.2,3.0,true,krys,7,true,1.00,6558,368,6535,199,546479,2262
3,0.6,1.2,3.0,true,krys,8,true,1.00,7723,378,7722,234,611647,2125
3,0.6,1.2,3.0,true,krys,9,true,1.00,7263,367,7262,220,629589,2630
3,0.6,1.2,3.0,true,krys,10,true,1.00,7498,389,7494,227,651848,2535
3,0.6,1.2,3.0,true,krys,11,true,1.00,7492,361,7491,227,593916,2230
3,0.6,1.2,3.0,true,krys,12,true,1.00,8522,403,8520,260,713657,2261
3,0.6,1.2,3.0,true,krys,13,true,1.00,4426,328,4425,135,341579,1983
3,0.6,1.2,3.0,true,krys,14,true,1.00,6720,320,6719,204,525375,2557
3,0.6,1.2,3.0,true,krys,15,true,1.00,7769,388,7769,236,681988,1967
3,0.6,1.2,3.0,true,krys,16,true,1.00,6638,371,6633,204,536407,2087
3,0.6,1.2,3.0,true,krys,17,true,1.00,9760,462,9759,296,842158,2110
3,0.6,1.2,3.0,true,krys,18,true,1.00,2356,334,2342,71,193829,2335
3,0.6,1.2,3.0,true,krys,19,true,1.00,5186,354,5185,157,424354,2042
3,0.6,1.2,3.0,true,krys,20,true,1.00,6666,398,6665,202,568394,2344
3,0.6,1.2,3.0,true,krys,21,true,1.00,5577,349,5576,169,497372,2675
3,0.6,1.2,3.0,true,krys,22,true,1.00,5415,345,5414,164,451219,1876
3,0.6,1.2,3.0,true,krys,23,true,1.00,8523,403,8522,258,702345,2198
3,0.6,1.2,3.0,true,krys,24,true,1.00,7985,408,7984,242,642960,2250
3,0.6,1.2,3.0,true,krys,25,true,1.00,7295,374,7295,221,650750,2621
3,0.6,1.2,3.0,true,krys,26,true,1.00,3005,337,3004,91,262678,2695
3,0.6,1.2,3.0,true,krys,27,true,1.00,6145,340,6144,186,517199,2574
3,0.6,1.2,3.0,true,krys,28,true,1.00,8597,427,8597,261,748300,2384
3,0.6,1.2,3.0,true,krys,29,true,1.00,7128,421,7127,219,620152,2942
3,0.6,1.2,3.0,true,krys,30,true,1.00,8386,398,8385,255,710748,2950
3,0.6,1.2,3.0,true,krys,31,true,1.00,5613,337,5612,170,438961,1998
3,0.6,1.2,3.0,true,krys,32,true,1.00,5382,363,5381,163,461435,2324
3,0.6,1.2,3.0,true,krys,33,true,1.00,7364,357,7363,223,570646,2414
3,0.6,1.2,3.0,true,krys,34,true,1.00,7687,429,7686,235,653497,2451
3,0.6,1.2,3.0,true,krys,35,true,1.00,3760,380,3759,114,337460,2825
3,0.6,1.2,3.0,true,krys,36,true,1.00,9045,374,9045,278,760419,2525
3,0.6,1.2,3.0,true,krys,37,true,1.00,8478,406,8477,265,755180,2517
3,0.6,1.2,3.0,true,krys,38,true,1.00,8588,427,8587,263,806785,2554
3,0.6,1.2,3.0,true,krys,39,true,1.00,9984,390,9983,307,851868,2928
3,0.6,1.2,3.0,true,krys,40,true,1.00,8246,452,8245,250,716888,2772
3,0.6,1.2,3.0,true,krys,41,true,1.00,7288,385,7287,221,630042,2735
3,0.6,1.2,3.0,true,krys,42,true,1.00,6833,345,6831,207,575087,2205
3,0.6,1.2,3.0,true,krys,43,true,1.00,6745,342,6745,204,537738,2151
3,0.6,1.2,3.0,true,krys,44,true,1.00,7646,421,7622,233,684260,2484
3,0.6,1.2,3.0,true,krys,45,true,1.00,6470,348,6469,196,518277,2449
3,0.6,1.2,3.0,true,krys,46,true,1.00,10133,413,10132,310,853602,2462
3,0.6,1.2,3.0,true,krys,47,true,1.00,8713,375,8712,267,770571,2813
3,0.6,1.2,3.0,true,krys,48,true,1.00,6499,366,6498,198,566794,2420
3,0.6,1.2,3.0,true,krys,49,true,1.00,8413,374,8412,258,669677,2255
3,0.6,1.2,3.0,true,krys,50,true,1.00,7588,387,7588,232,662080,2413
3,0.6,1.2,3.0,true,krys,51,true,1.00,6273,377,6272,190,538134,2392
3,0.6,1.2,3.0,true,krys,52,true,1.00,9092,403,9070,275,727410,2442
3,0.6,1.2,3.0,true,krys,53,true,1.00,8034,414,8033,246,679718,2182
3,0.6,1.2,3.0,true,krys,54,true,1.00,11883,473,11882,367,1094846,2808
3,0.6,1.2,3.0,true,krys,55,true,1.00,8811,422,8810,267,773521,2705
3,0.6,1.2,3.0,true,krys,56,true,1.00,3541,360,3538,107,287768,1981
3,0.6,1.2,3.0,true,krys,57,true,1.00,1814,343,1812,55,138038,2455
3,0.6,1.2,3.0,true,krys,58,true,1.00,8250,374,8249,251,691434,1979
3,0.6,1.2,3.0,true,krys,59,true,1.00,8871,390,8870,271,722944,2570
3,0.6,1.2,3.0,true,krys,60,true,1.00,10302,400,10288,314,884045,2534
3,0.6,1.2,3.0,true,krys,61,true,1.00,7734,389,7734,236,669295,2324
3,0.6,1.2,3.0,true,krys,62,true,1.00,9457,390,9456,292,730166,2496
3,0.6,1.2,3.0,true,krys,63,true,1.00,12329,515,12327,395,1039887,2579
3,0.6,1.2,3.0,true,krys,64,true,1.00,9282,432,9279,281,822218,2636
3,0.6,1.2,3.0,true,krys,65,true,1.00,8914,441,8911,271,715553,2627
3,0.6,1.2,3.0,true,krys,66,true,1.00,10377,439,10377,315,853163,1922
3,0.6,1.2,3.0,true,krys,67,true,1.00,9454,459,9453,300,849236,2420
3,0.6,1.2,3.0,true,krys,68,true,1.00,4350,350,4349,132,348285,2421
3,0.6,1.2,3.0,true,krys,69,true,1.00,8578,466,8577,261,716418,2434
3,0.6,1.2,3.0,true,krys,70,true,1.00,11622,469,11621,352,1030324,2847
3,0.6,1.2,3.0,true,krys,71,true,1.00,4948,353,4947,152,431118,2844
3,0.6,1.2,3.0,true,krys,72,true,1.00,6828,382,6828,208,565818,2082
3,0.6,1.2,3.0,true,krys,73,true,1.00,8984,407,8983,276,754542,2552
3,0.6,1.2,3.0,true,krys,74,true,1.00,7015,340,7015,214,547870,2070
3,0.6,1.2,3.0,true,krys,75,true,1.00,5377,347,5376,163,443573,2134
3,0.6,1.2,3.0,true,krys,76,true,1.00,4842,355,4840,147,434136,2815
3,0.6,1.2,3.0,true,krys,77,true,1.00,6932,365,6931,211,613473,2531
3,0.6,1.2,3.0,true,krys,78,true,1.00,9025,430,9024,274,804354,2631
3,0.6,1.2,3.0,true,krys,79,true,1.00,7721,372,7721,234,636518,2528
3,0.6,1.2,3.0,true,krys,80,true,1.00,8381,373,8380,254,691792,2221
3,0.6,1.2,3.0,true,krys,81,true,1.00,8878,376,8876,269,728373,2528
3,0.6,1.2,3.0,true,krys,82,true,1.00,6137,346,6136,187,482870,2255
3,0.6,1.2,3.0,true,krys,83,true,1.00,11549,441,11549,350,993991,2382
3,0.6,1.2,3.0,true,krys,84,true,1.00,6864,336,6863,208,578348,2171
3,0.6,1.2,3.0,true,krys,85,true,1.00,10329,494,10327,314,888759,2830
3,0.6,1.2,3.0,true,krys,86,true,1.00,8034,397,8034,246,660937,2087
3,0.6,1.2,3.0,true,krys,87,true,1.00,6232,336,6232,189,498151,1964
3,0.6,1.2,3.0,true,krys,88,true,1.00,8054,429,8051,245,687033,2542
3,0.6,1.2,3.0,true,krys,89,true,1.00,7527,397,7526,230,623060,2210
3,0.6,1.2,3.0,true,krys,90,true,1.00,5370,325,5369,163,459437,2559
3,0.6,1.2,3.0,true,krys,91,true,1.00,4489,357,4488,136,335106,2248
3,0.6,1.2,3.0,true,krys,92,true,1.00,10064,403,10064,309,867619,2299
3,0.6,1.2,3.0,true,krys,93,true,1.00,4570,327,4552,138,375135,2630
3,0.6,1.2,3.0,true,krys,94,true,1.00,7544,364,7529,228,652192,1923
3,0.6,1.2,3.0,true,krys,95,true,1.00,6632,346,6632,204,510013,2158
3,0.6,1.2,3.0,true,krys,96,true,1.00,2701,348,2700,82,215080,1795
3,0.6,1.2,3.0,true,krys,97,true,1.00,7825,413,7824,239,626481,2397
3,0.6,1.2,3.0,true,krys,98,true,1.00,12247,463,12246,375,1042263,2779
3,0.6,1.2,3.0,true,krys,99,true,1.00,7720,374,7719,234,599465,2241
3,0.6,1.2,3.0,true,krys,100,true,1.00,692,339,691,21,60789,860
3,0.6,1.2,3.0,true,patternCount,1,true,1.00,6960,418,6959,211,608341,1944
3,0.6,1.2,3.0,true,patternCount,2,true,1.00,4028,405,4027,124,340551,2457
3,0.6,1.2,3.0,true,patternCount,3,true,1.00,5375,427,5374,162,423529,2231
3,0.6,1.2,3.0,true,patternCount,4,true,1.00,2280,417,2278,69,195061,1985
3,0.6,1.2,3.0,true,patternCount,5,true,1.00,2681,404,2680,84,218153,1534
3,0.6,1.2,3.0,true,patternCount,6,true,1.00,294,375,292,9,21339,988
3,0.6,1.2,3.0,true,patternCount,7,true,1.00,6904,465,6901,210,569727,2297
3,0.6,1.2,3.0,true,patternCount,8,true,1.00,13141,438,13141,399,1158054,2613
3,0.6,1.2,3.0,true,patternCount,9,true,1.00,2578,430,2576,78,216839,2314
3,0.6,1.2,3.0,true,patternCount,10,true,1.00,3031,365,3027,92,250811,2152
3,0.6,1.2,3.0,true,patternCount,11,true,1.00,689,447,688,21,57672,940
3,0.6,1.2,3.0,true,patternCount,12,true,1.00,4458,385,4457,136,359932,2372
3,0.6,1.2,3.0,true,patternCount,13,true,1.00,132,376,131,4,10004,963
3,0.6,1.2,3.0,true,patternCount,14,true,1.00,2015,382,2013,61,170468,2087
3,0.6,1.2,3.0,true,patternCount,15,true,1.00,1129,378,1127,34,90319,1917
3,0.6,1.2,3.0,true,patternCount,16,true,1.00,4173,413,4172,127,335626,1497
3,0.6,1.2,3.0,true,patternCount,17,true,1.00,60,420,58,2,4828,856
3,0.6,1.2,3.0,true,patternCount,18,true,1.00,1586,377,1585,48,131695,1962
3,0.6,1.2,3.0,true,patternCount,19,true,1.00,74,401,55,2,4304,1099
3,0.6,1.2,3.0,true,patternCount,20,true,1.00,2830,420,2828,86,230208,2239
3,0.6,1.2,3.0,true,patternCount,21,true,1.00,530,398,528,16,44984,1755
3,0.6,1.2,3.0,true,patternCount,22,true,1.00,5986,428,5985,183,502439,2624
3,0.6,1.2,3.0,true,patternCount,23,true,1.00,6833,439,6832,207,560206,2506
3,0.6,1.2,3.0,true,patternCount,24,true,1.00,4458,457,4456,135,370093,2236
3,0.6,1.2,3.0,true,patternCount,25,true,1.00,1188,416,1187,36,94400,2451
3,0.6,1.2,3.0,true,patternCount,26,true,1.00,861,409,859,26,70234,1022
3,0.6,1.2,3.0,true,patternCount,27,true,1.00,3030,380,3029,92,250357,2061
3,0.6,1.2,3.0,true,patternCount,28,true,1.00,1939,396,1937,59,162542,1199
3,0.6,1.2,3.0,true,patternCount,29,true,1.00,32,371,30,1,2551,1739
3,0.6,1.2,3.0,true,patternCount,30,true,1.00,57,389,56,2,4619,629
3,0.6,1.2,3.0,true,patternCount,31,true,1.00,3531,411,3529,107,290239,2488
3,0.6,1.2,3.0,true,patternCount,32,true,1.00,2740,412,2738,84,223052,1967
3,0.6,1.2,3.0,true,patternCount,33,true,1.00,3694,412,3692,112,284011,1278
3,0.6,1.2,3.0,true,patternCount,34,true,1.00,5390,480,5389,163,448566,2319
3,0.6,1.2,3.0,true,patternCount,35,true,1.00,1130,399,1127,34,94832,1155
3,0.6,1.2,3.0,true,patternCount,36,true,1.00,3829,448,3828,119,314604,2423
3,0.6,1.2,3.0,true,patternCount,37,true,1.00,65,393,64,2,4783,647
3,0.6,1.2,3.0,true,patternCount,38,true,1.00,1519,432,1517,46,118623,881
3,0.6,1.2,3.0,true,patternCount,39,true,1.00,827,393,824,25,67103,1239
3,0.6,1.2,3.0,true,patternCount,40,true,1.00,691,455,689,23,57867,2605
3,0.6,1.2,3.0,true,patternCount,41,true,1.00,4850,447,4848,148,390050,2527
3,0.6,1.2,3.0,true,patternCount,42,true,1.00,5147,429,5146,156,426668,2565
3,0.6,1.2,3.0,true,patternCount,43,true,1.00,825,401,824,25,66856,1410
3,0.6,1.2,3.0,true,patternCount,44,true,1.00,1420,362,1419,43,117994,2045
3,0.6,1.2,3.0,true,patternCount,45,true,1.00,3005,411,3003,92,252493,1837
3,0.6,1.2,3.0,true,patternCount,46,true,1.00,295,408,292,9,23956,1115
3,0.6,1.2,3.0,true,patternCount,47,true,1.00,5346,391,5345,165,453903,2180
3,0.6,1.2,3.0,true,patternCount,48,true,1.00,3139,381,3136,95,251865,2387
3,0.6,1.2,3.0,true,patternCount,49,true,1.00,1718,375,1716,52,146507,1144
3,0.6,1.2,3.0,true,patternCount,50,true,1.00,7001,439,7000,212,591047,2429
3,0.6,1.2,3.0,true,patternCount,51,true,1.00,163,408,160,5,11467,443
3,0.6,1.2,3.0,true,patternCount,52,true,1.00,1581,392,1580,49,126862,1570
3,0.6,1.2,3.0,true,patternCount,53,true,1.00,166,426,164,5,13616,880
3,0.6,1.2,3.0,true,patternCount,54,true,1.00,1311,401,1309,40,114282,1609
3,0.6,1.2,3.0,true,patternCount,55,true,1.00,4589,457,4587,139,375818,1705
3,0.6,1.2,3.0,true,patternCount,56,true,1.00,297,389,296,9,24498,1296
3,0.6,1.2,3.0,true,patternCount,57,true,1.00,22,366,21,1,1563,286
3,0.6,1.2,3.0,true,patternCount,58,true,1.00,4952,455,4950,150,422144,2645
3,0.6,1.2,3.0,true,patternCount,59,true,1.00,857,429,851,26,71532,1585
3,0.6,1.2,3.0,true,patternCount,60,true,1.00,57,375,56,2,4330,649
3,0.6,1.2,3.0,true,patternCount,61,true,1.00,556,407,554,17,44657,905
3,0.6,1.2,3.0,true,patternCount,62,true,1.00,1008,424,1007,32,86867,2392
3,0.6,1.2,3.0,true,patternCount,63,true,1.00,1253,413,1251,38,101000,2034
3,0.6,1.2,3.0,true,patternCount,64,true,1.00,2608,391,2607,79,218113,2116
3,0.6,1.2,3.0,true,patternCount,65,true,1.00,1310,407,1308,40,107670,1908
3,0.6,1.2,3.0,true,patternCount,66,true,1.00,254,405,252,8,18216,1583
3,0.6,1.2,3.0,true,patternCount,67,true,1.00,6550,412,6549,199,547241,2364
3,0.6,1.2,3.0,true,patternCount,68,true,1.00,2768,378,2766,84,228505,1755
3,0.6,1.2,3.0,true,patternCount,69,true,1.00,2288,418,2286,70,190036,2571
3,0.6,1.2,3.0,true,patternCount,70,true,1.00,793,353,791,24,67604,2273
3,0.6,1.2,3.0,true,patternCount,71,true,1.00,629,441,627,19,53373,1583
3,0.6,1.2,3.0,true,patternCount,72,true,1.00,59,380,58,2,4573,639
3,0.6,1.2,3.0,true,patternCount,73,true,1.00,4788,404,4787,146,395822,2293
3,0.6,1.2,3.0,true,patternCount,74,true,1.00,89,440,87,3,6995,650
3,0.6,1.2,3.0,true,patternCount,75,true,1.00,593,393,591,18,48726,1836
3,0.6,1.2,3.0,true,patternCount,76,true,1.00,42,388,40,2,3114,655
3,0.6,1.2,3.0,true,patternCount,77,true,1.00,3732,425,3731,113,296952,2134
3,0.6,1.2,3.0,true,patternCount,78,true,1.00,29,415,29,1,2266,721
3,0.6,1.2,3.0,true,patternCount,79,true,1.00,91,395,90,3,7598,563
3,0.6,1.2,3.0,true,patternCount,80,true,1.00,3501,397,3499,106,289857,2647
3,0.6,1.2,3.0,true,patternCount,81,true,1.00,63,386,61,2,5610,1350
3,0.6,1.2,3.0,true,patternCount,82,true,1.00,1031,389,1030,32,83896,1363
3,0.6,1.2,3.0,true,patternCount,83,true,1.00,6205,404,6204,188,500619,1624
3,0.6,1.2,3.0,true,patternCount,84,true,1.00,67,414,65,2,5424,1659
3,0.6,1.2,3.0,true,patternCount,85,true,1.00,2878,442,2876,88,238424,1987
3,0.6,1.2,3.0,true,patternCount,86,true,1.00,4112,419,4094,124,328947,1292
3,0.6,1.2,3.0,true,patternCount,87,true,1.00,183,398,181,6,14718,543
3,0.6,1.2,3.0,true,patternCount,88,true,1.00,232,434,230,7,19269,1725
3,0.6,1.2,3.0,true,patternCount,89,true,1.00,3368,405,3367,102,278765,2341
3,0.6,1.2,3.0,true,patternCount,90,true,1.00,1683,372,1682,52,140892,1878
3,0.6,1.2,3.0,true,patternCount,91,true,1.00,7426,427,7425,225,612579,2275
3,0.6,1.2,3.0,true,patternCount,92,true,1.00,1255,373,1254,38,102506,2026
3,0.6,1.2,3.0,true,patternCount,93,true,1.00,2883,437,2881,87,231341,1734
3,0.6,1.2,3.0,true,patternCount,94,true,1.00,4190,397,4189,129,361892,2458
3,0.6,1.2,3.0,true,patternCount,95,true,1.00,1979,359,1978,60,167633,1817
3,0.6,1.2,3.0,true,patternCount,96,true,1.00,31,384,29,1,2217,411
3,0.6,1.2,3.0,true,patternCount,97,true,1.00,695,407,693,21,54725,886
3,0.6,1.2,3.0,true,patternCount,98,true,1.00,2608,409,2607,79,212997,2018
3,0.6,1.2,3.0,true,patternCount,99,true,1.00,1092,378,1092,33,90746,855
3,0.6,1.2,3.0,true,patternCount,100,true,1.00,760,388,758,23,62672,2341
3,0.6,1.6,3.0,true,original,1,true,1.00,9040,389,9039,274,687325,2500
3,0.6,1.6,3.0,true,original,2,true,1.00,1549,298,1548,47,114474,2359
3,0.6,1.6,3.0,true,original,3,true,1.00,3457,253,3456,105,292169,1886
3,0.6,1.6,3.0,true,original,4,true,1.00,11915,476,11915,361,967435,2742
3,0.6,1.6,3.0,true,original,5,true,1.00,10302,464,10298,312,834862,2519
3,0.6,1.6,3.0,true,original,6,true,1.00,5222,284,5222,158,437445,2336
3,0.6,1.6,3.0,true,original,7,true,1.00,7458,442,7457,226,592464,1937
3,0.6,1.6,3.0,true,original,8,true,1.00,1080,335,1078,33,78379,863
3,0.6,1.6,3.0,true,original,9,true,1.00,5114,390,5113,157,389649,1892
3,0.6,1.6,3.0,true,original,10,true,1.00,2736,278,2736,85,229086,2030
3,0.6,1.6,3.0,true,original,11,true,1.00,6896,383,6896,209,567961,1932
3,0.6,1.6,3.0,true,original,12,true,1.00,11848,516,11847,361,1018321,2157
3,0.6,1.6,3.0,true,original,13,true,1.00,5,300,4,1,359,145
3,0.6,1.6,3.0,true,original,14,true,1.00,13,339,12,1,874,295
3,0.6,1.6,3.0,true,original,15,true,1.00,21422,804,21419,651,1712970,2584
3,0.6,1.6,3.0,true,krys,1,true,1.00,11359,480,11359,354,1024553,1992
3,0.6,1.6,3.0,true,krys,2,true,1.00,7888,397,7887,239,618741,2403
3,0.6,1.6,3.0,true,krys,3,true,1.00,11233,476,11232,345,1006135,2549
3,0.6,1.6,3.0,true,krys,4,true,1.00,9374,406,9373,295,767183,1898
3,0.6,1.6,3.0,true,krys,5,true,1.00,23,334,21,1,1818,590
3,0.6,1.6,3.0,true,krys,6,true,1.00,8316,365,8316,252,700079,2486
3,0.6,1.6,3.0,true,krys,7,true,1.00,6670,348,6669,202,559608,2229
3,0.6,1.6,3.0,true,krys,8,true,1.00,8381,373,8380,265,675876,2345
3,0.6,1.6,3.0,true,krys,9,true,1.00,7190,368,7189,218,630139,2510
3,0.6,1.6,3.0,true,krys,10,true,1.00,8149,401,8148,247,713874,2928
3,0.6,1.6,3.0,true,krys,11,true,1.00,7262,350,7261,220,582585,2040
3,0.6,1.6,3.0,true,krys,12,true,1.00,9000,386,8999,273,763845,2418
3,0.6,1.6,3.0,true,krys,13,true,1.00,4555,332,4554,139,353719,2450
3,0.6,1.6,3.0,true,krys,14,true,1.00,6402,338,6401,194,506796,2679
3,0.6,1.6,3.0,true,krys,15,true,1.00,7463,370,7462,226,658543,1963
3,0.6,1.6,3.0,true,krys,16,true,1.00,6899,358,6898,212,558064,2168
3,0.6,1.6,3.0,true,krys,17,true,1.00,8351,419,8350,253,723717,2104
3,0.6,1.6,3.0,true,krys,18,true,1.00,4027,334,4027,122,333376,2309
3,0.6,1.6,3.0,true,krys,19,true,1.00,6735,393,6734,204,558865,1971
3,0.6,1.6,3.0,true,krys,20,true,1.00,8055,427,8054,244,694910,2419
3,0.6,1.6,3.0,true,krys,21,true,1.00,5622,341,5622,170,507163,2264
3,0.6,1.6,3.0,true,krys,22,true,1.00,6203,351,6202,188,530247,2499
3,0.6,1.6,3.0,true,krys,23,true,1.00,7459,383,7458,226,630059,2277
3,0.6,1.6,3.0,true,krys,24,true,1.00,10426,475,10424,316,855817,2070
3,0.6,1.6,3.0,true,krys,25,true,1.00,7952,394,7951,241,716100,2125
3,0.6,1.6,3.0,true,krys,26,true,1.00,3264,327,3262,99,289067,2842
3,0.6,1.6,3.0,true,krys,27,true,1.00,6761,394,6760,205,568761,2415
3,0.6,1.6,3.0,true,krys,28,true,1.00,8335,416,8334,253,727239,2330
3,0.6,1.6,3.0,true,krys,29,true,1.00,7526,400,7525,235,652306,2601
3,0.6,1.6,3.0,true,krys,30,true,1.00,9441,415,9440,287,810175,2931
3,0.6,1.6,3.0,true,krys,31,true,1.00,6927,352,6926,210,550621,2425
3,0.6,1.6,3.0,true,krys,32,true,1.00,6137,330,6136,186,537495,2415
3,0.6,1.6,3.0,true,krys,33,true,1.00,6894,341,6894,209,541188,2314
3,0.6,1.6,3.0,true,krys,34,true,1.00,8051,421,8050,245,689385,2293
3,0.6,1.6,3.0,true,krys,35,true,1.00,4978,349,4977,151,444632,2690
3,0.6,1.6,3.0,true,krys,36,true,1.00,9454,364,9453,287,800231,2650
3,0.6,1.6,3.0,true,krys,37,true,1.00,7924,412,7923,248,710530,2125
3,0.6,1.6,3.0,true,krys,38,true,1.00,7749,401,7749,237,728042,2124
3,0.6,1.6,3.0,true,krys,39,true,1.00,9683,371,9683,298,833986,2888
3,0.6,1.6,3.0,true,krys,40,true,1.00,6733,389,6732,205,589229,2433
3,0.6,1.6,3.0,true,krys,41,true,1.00,8064,395,8063,246,706134,2773
3,0.6,1.6,3.0,true,krys,42,true,1.00,7463,330,7462,229,632141,2645
3,0.6,1.6,3.0,true,krys,43,true,1.00,6828,345,6827,207,551641,1763
3,0.6,1.6,3.0,true,krys,44,true,1.00,9148,381,9147,279,851502,2475
3,0.6,1.6,3.0,true,krys,45,true,1.00,6203,342,6202,188,498874,2418
3,0.6,1.6,3.0,true,krys,46,true,1.00,10825,458,10824,332,917552,2521
3,0.6,1.6,3.0,true,krys,47,true,1.00,10299,435,10298,318,910678,2740
3,0.6,1.6,3.0,true,krys,48,true,1.00,6568,364,6567,199,578323,2830
3,0.6,1.6,3.0,true,krys,49,true,1.00,8249,368,8249,252,656279,2250
3,0.6,1.6,3.0,true,krys,50,true,1.00,7889,389,7888,240,682378,2811
3,0.6,1.6,3.0,true,krys,51,true,1.00,7259,343,7259,224,628075,2257
3,0.6,1.6,3.0,true,krys,52,true,1.00,8747,422,8747,266,707294,2291
3,0.6,1.6,3.0,true,krys,53,true,1.00,9356,440,9356,285,791743,2326
3,0.6,1.6,3.0,true,krys,54,true,1.00,10726,415,10726,325,975426,2839
3,0.6,1.6,3.0,true,krys,55,true,1.00,9671,431,9670,296,851834,2792
3,0.6,1.6,3.0,true,krys,56,true,1.00,3763,313,3761,114,305020,2012
3,0.6,1.6,3.0,true,krys,57,true,1.00,3029,313,3028,92,232266,2501
3,0.6,1.6,3.0,true,krys,58,true,1.00,8185,416,8185,251,684405,2769
3,0.6,1.6,3.0,true,krys,59,true,1.00,7954,379,7953,244,650977,2403
3,0.6,1.6,3.0,true,krys,60,true,1.00,9556,374,9556,291,829594,2541
3,0.6,1.6,3.0,true,krys,61,true,1.00,6898,372,6897,210,597317,2411
3,0.6,1.6,3.0,true,krys,62,true,1.00,8577,372,8576,262,667090,2104
3,0.6,1.6,3.0,true,krys,63,true,1.00,10785,513,10784,353,914080,2292
3,0.6,1.6,3.0,true,krys,64,true,1.00,9570,425,9569,292,856686,2584
3,0.6,1.6,3.0,true,krys,65,true,1.00,8704,388,8703,265,710805,2433
3,0.6,1.6,3.0,true,krys,66,true,1.00,9758,428,9758,296,801064,1793
3,0.6,1.6,3.0,true,krys,67,false,0.71,7756,249,7756,249,684437,2346
3,0.6,1.6,3.0,true,krys,68,true,1.00,4237,313,4223,128,329719,2537
3,0.6,1.6,3.0,true,krys,69,true,1.00,8042,478,8040,246,680449,2464
3,0.6,1.6,3.0,true,krys,70,true,1.00,10356,428,10356,314,928340,2861
3,0.6,1.6,3.0,true,krys,71,true,1.00,5210,344,5209,158,460276,2793
3,0.6,1.6,3.0,true,krys,72,true,1.00,8192,403,8191,249,683822,2423
3,0.6,1.6,3.0,true,krys,73,true,1.00,9802,415,9801,299,830656,2740
3,0.6,1.6,3.0,true,krys,74,true,1.00,6663,379,6663,202,519144,2178
3,0.6,1.6,3.0,true,krys,75,true,1.00,5309,366,5308,162,439977,2336
3,0.6,1.6,3.0,true,krys,76,true,1.00,4512,353,4510,137,405952,2808
3,0.6,1.6,3.0,true,krys,77,true,1.00,6501,341,6500,197,577934,2664
3,0.6,1.6,3.0,true,krys,78,true,1.00,9223,417,9223,279,816075,2832
3,0.6,1.6,3.0,true,krys,79,true,1.00,7918,342,7918,240,658771,2016
3,0.6,1.6,3.0,true,krys,80,true,1.00,8195,350,8194,249,674422,2507
3,0.6,1.6,3.0,true,krys,81,true,1.00,7523,348,7522,228,616707,2404
3,0.6,1.6,3.0,true,krys,82,true,1.00,6387,338,6368,193,495525,2231
3,0.6,1.6,3.0,true,krys,83,true,1.00,11847,450,11847,359,1027112,2472
3,0.6,1.6,3.0,true,krys,84,true,1.00,7034,340,7033,213,598546,2280
3,0.6,1.6,3.0,true,krys,85,true,1.00,8216,423,8215,252,696281,2342
3,0.6,1.6,3.0,true,krys,86,true,1.00,7524,397,7524,231,622543,2058
3,0.6,1.6,3.0,true,krys,87,true,1.00,7201,338,7200,218,578937,1981
3,0.6,1.6,3.0,true,krys,88,true,1.00,6791,367,6790,207,582437,2321
3,0.6,1.6,3.0,true,krys,89,true,1.00,7326,375,7325,227,607497,2486
3,0.6,1.6,3.0,true,krys,90,true,1.00,5147,321,5146,156,441141,2686
3,0.6,1.6,3.0,true,krys,91,true,1.00,5975,361,5974,184,461366,2317
3,0.6,1.6,3.0,true,krys,92,true,1.00,9736,374,9735,295,842042,2912
3,0.6,1.6,3.0,true,krys,93,true,1.00,4886,325,4885,148,402916,2497
3,0.6,1.6,3.0,true,krys,94,true,1.00,7655,354,7654,232,678364,1984
3,0.6,1.6,3.0,true,krys,95,true,1.00,8219,362,8218,253,635222,2320
3,0.6,1.6,3.0,true,krys,96,true,1.00,4751,338,4750,144,393315,1763
3,0.6,1.6,3.0,true,krys,97,true,1.00,6795,368,6794,206,546383,2160
3,0.6,1.6,3.0,true,krys,98,true,1.00,11221,426,11221,344,961436,2797
3,0.6,1.6,3.0,true,krys,99,true,1.00,8186,395,8185,248,640820,2435
3,0.6,1.6,3.0,true,krys,100,true,1.00,4259,334,4258,130,379402,1497
3,0.6,1.6,3.0,true,patternCount,1,true,1.00,8840,436,8840,268,757567,2299
3,0.6,1.6,3.0,true,patternCount,2,true,1.00,5945,446,5945,182,502878,2336
3,0.6,1.6,3.0,true,patternCount,3,true,1.00,6335,436,6334,192,522712,2235
3,0.6,1.6,3.0,true,patternCount,4,true,1.00,3131,422,3130,95,270201,2276
3,0.6,1.6,3.0,true,patternCount,5,true,1.00,4554,398,4553,141,376890,1910
3,0.6,1.6,3.0,true,patternCount,6,true,1.00,1613,370,1612,49,125253,2361
3,0.6,1.6,3.0,true,patternCount,7,true,1.00,8219,468,8219,249,690663,2366
3,0.6,1.6,3.0,true,patternCount,8,true,1.00,11551,389,11551,350,1007704,2749
3,0.6,1.6,3.0,true,patternCount,9,true,1.00,4383,383,4382,133,371358,2418
3,0.6,1.6,3.0,true,patternCount,10,true,1.00,3463,397,3461,105,289268,1321
3,0.6,1.6,3.0,true,patternCount,11,true,1.00,4627,441,4626,140,379802,2154
3,0.6,1.6,3.0,true,patternCount,12,true,1.00,5114,384,5113,156,417955,2048
3,0.6,1.6,3.0,true,patternCount,13,true,1.00,1587,387,1586,48,122628,1434
3,0.6,1.6,3.0,true,patternCount,14,true,1.00,2440,413,2439,74,208103,2274
3,0.6,1.6,3.0,true,patternCount,15,true,1.00,3830,377,3829,117,317784,2457
3,0.6,1.6,3.0,true,patternCount,16,true,1.00,5102,409,5101,155,420084,1979
3,0.6,1.6,3.0,true,patternCount,17,true,1.00,1685,384,1683,51,145745,2421
3,0.6,1.6,3.0,true,patternCount,18,true,1.00,2541,393,2539,77,210751,1955
3,0.6,1.6,3.0,true,patternCount,19,true,1.00,3686,421,3684,113,300655,1496
3,0.6,1.6,3.0,true,patternCount,20,true,1.00,2309,416,2308,70,190602,1929
3,0.6,1.6,3.0,true,patternCount,21,true,1.00,3816,390,3815,116,319995,1846
3,0.6,1.6,3.0,true,patternCount,22,true,1.00,8120,423,8119,246,686816,2517
3,0.6,1.6,3.0,true,patternCount,23,true,1.00,7786,450,7785,236,630774,2195
3,0.6,1.6,3.0,true,patternCount,24,true,1.00,4884,434,4883,148,410003,2248
3,0.6,1.6,3.0,true,patternCount,25,true,1.00,781,386,780,24,63120,1898
3,0.6,1.6,3.0,true,patternCount,26,true,1.00,2344,395,2342,71,192500,1927
3,0.6,1.6,3.0,true,patternCount,27,true,1.00,6891,466,6890,209,563241,2603
3,0.6,1.6,3.0,true,patternCount,28,true,1.00,1971,384,1970,60,166120,1326
3,0.6,1.6,3.0,true,patternCount,29,true,1.00,494,370,493,15,41803,1970
3,0.6,1.6,3.0,true,patternCount,30,true,1.00,2938,380,2937,89,255765,2171
3,0.6,1.6,3.0,true,patternCount,31,true,1.00,3398,374,3396,103,281161,2055
3,0.6,1.6,3.0,true,patternCount,32,true,1.00,4226,378,4225,128,348673,1930
3,0.6,1.6,3.0,true,patternCount,33,true,1.00,5070,404,5069,154,396597,1935
3,0.6,1.6,3.0,true,patternCount,34,true,1.00,4655,406,4654,142,392862,1970
3,0.6,1.6,3.0,true,patternCount,35,true,1.00,5512,447,5511,169,469609,1886
3,0.6,1.6,3.0,true,patternCount,36,true,1.00,6005,431,6004,183,482709,2196
3,0.6,1.6,3.0,true,patternCount,37,true,1.00,63,366,62,2,4773,456
3,0.6,1.6,3.0,true,patternCount,38,true,1.00,1258,418,1257,38,96052,731
3,0.6,1.6,3.0,true,patternCount,39,true,1.00,2512,393,2510,76,204623,2248
3,0.6,1.6,3.0,true,patternCount,40,true,1.00,8295,433,8294,251,690505,2011
3,0.6,1.6,3.0,true,patternCount,41,true,1.00,7821,425,7820,237,649459,2260
3,0.6,1.6,3.0,true,patternCount,42,true,1.00,6141,425,6140,186,511984,2228
3,0.6,1.6,3.0,true,patternCount,43,true,1.00,4525,408,4524,137,372074,2398
3,0.6,1.6,3.0,true,patternCount,44,true,1.00,2607,361,2606,79,218058,2542
3,0.6,1.6,3.0,true,patternCount,45,true,1.00,4987,402,4986,152,415474,1852
3,0.6,1.6,3.0,true,patternCount,46,true,1.00,2408,376,2407,73,198815,1625
3,0.6,1.6,3.0,true,patternCount,47,true,1.00,5511,393,5510,170,469048,2171
3,0.6,1.6,3.0,true,patternCount,48,true,1.00,5975,399,5974,182,479757,2578
3,0.6,1.6,3.0,true,patternCount,49,true,1.00,1750,379,1749,53,149351,1240
3,0.6,1.6,3.0,true,patternCount,50,true,1.00,8686,459,8685,264,743525,2397
3,0.6,1.6,3.0,true,patternCount,51,true,1.00,857,388,855,26,63756,1424
3,0.6,1.6,3.0,true,patternCount,52,true,1.00,3960,393,3959,120,317812,1955
3,0.6,1.6,3.0,true,patternCount,53,true,1.00,2774,409,2773,87,226717,1524
3,0.6,1.6,3.0,true,patternCount,54,true,1.00,1319,401,1318,40,115688,1683
3,0.6,1.6,3.0,true,patternCount,55,true,1.00,5244,409,5243,160,445750,2358
3,0.6,1.6,3.0,true,patternCount,56,true,1.00,1090,386,1089,33,90448,1525
3,0.6,1.6,3.0,true,patternCount,57,true,1.00,133,383,131,4,10257,874
3,0.6,1.6,3.0,true,patternCount,58,true,1.00,7135,419,7134,216,601056,2604
3,0.6,1.6,3.0,true,patternCount,59,true,1.00,3265,400,3264,99,280895,2528
3,0.6,1.6,3.0,true,patternCount,60,true,1.00,619,375,614,19,48914,1392
3,0.6,1.6,3.0,true,patternCount,61,true,1.00,1745,413,1743,54,137302,975
3,0.6,1.6,3.0,true,patternCount,62,true,1.00,2537,434,2536,81,216375,2077
3,0.6,1.6,3.0,true,patternCount,63,true,1.00,4719,413,4718,143,387207,1985
3,0.6,1.6,3.0,true,patternCount,64,true,1.00,4229,413,4228,128,358053,2463
3,0.6,1.6,3.0,true,patternCount,65,true,1.00,2313,381,2311,70,187741,1978
3,0.6,1.6,3.0,true,patternCount,66,true,1.00,3863,398,3862,118,320771,1888
3,0.6,1.6,3.0,true,patternCount,67,true,1.00,5081,382,5080,154,423888,2342
3,0.6,1.6,3.0,true,patternCount,68,true,1.00,2939,379,2938,89,244932,1554
3,0.6,1.6,3.0,true,patternCount,69,true,1.00,5053,423,5052,153,419142,2718
3,0.6,1.6,3.0,true,patternCount,70,true,1.00,1087,384,1085,33,92682,2158
3,0.6,1.6,3.0,true,patternCount,71,true,1.00,3082,396,3067,93,255041,2474
3,0.6,1.6,3.0,true,patternCount,72,true,1.00,787,381,786,24,62242,1367
3,0.6,1.6,3.0,true,patternCount,73,true,1.00,7292,416,7291,221,605544,2238
3,0.6,1.6,3.0,true,patternCount,74,true,1.00,5014,442,5013,152,405429,2624
3,0.6,1.6,3.0,true,patternCount,75,true,1.00,1849,413,1848,56,149970,2007
3,0.6,1.6,3.0,true,patternCount,76,true,1.00,5512,391,5511,167,442293,1718
3,0.6,1.6,3.0,true,patternCount,77,true,1.00,5608,427,5606,170,454236,2087
3,0.6,1.6,3.0,true,patternCount,78,true,1.00,6304,401,6303,191,531253,2580
3,0.6,1.6,3.0,true,patternCount,79,true,1.00,4654,395,4654,141,396859,1973
3,0.6,1.6,3.0,true,patternCount,80,true,1.00,5510,380,5509,167,459634,2722
3,0.6,1.6,3.0,true,patternCount,81,true,1.00,96,363,95,3,8532,1443
3,0.6,1.6,3.0,true,patternCount,82,true,1.00,4423,410,4422,137,365198,2664
3,0.6,1.6,3.0,true,patternCount,83,true,1.00,1849,427,1847,57,144665,1200
3,0.6,1.6,3.0,true,patternCount,84,true,1.00,3796,388,3795,115,311864,2261
3,0.6,1.6,3.0,true,patternCount,85,true,1.00,4882,431,4881,148,412994,1988
3,0.6,1.6,3.0,true,patternCount,86,true,1.00,5940,415,5939,180,489833,1639
3,0.6,1.6,3.0,true,patternCount,87,true,1.00,1937,382,1936,59,166811,2464
3,0.6,1.6,3.0,true,patternCount,88,true,1.00,3929,399,3928,119,335623,2198
3,0.6,1.6,3.0,true,patternCount,89,true,1.00,3862,402,3861,117,323375,2455
3,0.6,1.6,3.0,true,patternCount,90,true,1.00,2211,363,2209,67,187438,2433
3,0.6,1.6,3.0,true,patternCount,91,true,1.00,8025,400,8024,243,658765,2131
3,0.6,1.6,3.0,true,patternCount,92,true,1.00,4027,394,4026,122,333166,2138
3,0.6,1.6,3.0,true,patternCount,93,true,1.00,4827,435,4826,148,394994,1877
3,0.6,1.6,3.0,true,patternCount,94,true,1.00,4289,378,4288,131,374754,2549
3,0.6,1.6,3.0,true,patternCount,95,true,1.00,2474,365,2474,75,211949,1879
3,0.6,1.6,3.0,true,patternCount,96,true,1.00,2801,390,2799,85,208158,1702
3,0.6,1.6,3.0,true,patternCount,97,true,1.00,5942,416,5941,180,484473,1661
3,0.6,1.6,3.0,true,patternCount,98,true,1.00,3812,402,3810,116,315402,1529
3,0.6,1.6,3.0,true,patternCount,99,true,1.00,2079,373,2078,64,169403,1714
3,0.6,1.6,3.0,true,patternCount,100,true,1.00,2971,389,2970,90,244657,2299
3,1.2,1.2,3.0,true,original,1,true,1.00,7,410,6,1,397,74
3,1.2,1.2,3.0,true,original,2,true,1.00,15,417,13,1,912,115
3,1.2,1.2,3.0,true,original,3,true,1.00,4,269,3,1,241,66
3,1.2,1.2,3.0,true,original,4,true,1.00,925,471,923,28,77835,1130
3,1.2,1.2,3.0,true,original,5,true,1.00,34,514,31,1,2498,820
3,1.2,1.2,3.0,true,original,6,true,1.00,2288,283,2287,70,201717,1477
3,1.2,1.2,3.0,true,original,7,true,1.00,27,468,25,1,1907,902
3,1.2,1.2,3.0,true,original,8,true,1.00,7,323,6,1,425,94
3,1.2,1.2,3.0,true,original,9,true,1.00,17,444,15,1,1093,183
3,1.2,1.2,3.0,true,original,10,true,1.00,5,275,4,1,288,66
3,1.2,1.2,3.0,true,original,11,true,1.00,13,490,11,1,858,157
3,1.2,1.2,3.0,true,original,12,true,1.00,761,555,758,23,63526,854
3,1.2,1.2,3.0,true,original,13,true,1.00,3,299,1,1,128,9
3,1.2,1.2,3.0,true,original,14,true,1.00,6,351,5,1,353,55
3,1.2,1.2,3.0,true,original,15,true,1.00,101,846,97,3,7377,472
3,1.2,1.2,3.0,true,krys,1,true,1.00,9445,570,9444,288,830691,2215
3,1.2,1.2,3.0,true,krys,2,true,1.00,24,457,21,1,1651,438
3,1.2,1.2,3.0,true,krys,3,true,1.00,7575,503,7574,239,674038,2160
3,1.2,1.2,3.0,true,krys,4,true,1.00,7823,511,7822,237,646285,1178
3,1.2,1.2,3.0,true,krys,5,true,1.00,5,349,4,1,278,58
3,1.2,1.2,3.0,true,krys,6,true,1.00,27,421,25,1,2012,903
3,1.2,1.2,3.0,true,krys,7,true,1.00,13,398,11,1,879,362
3,1.2,1.2,3.0,true,krys,8,true,1.00,3699,495,3698,112,291449,2089
3,1.2,1.2,3.0,true,krys,9,true,1.00,7,391,5,1,365,86
3,1.2,1.2,3.0,true,krys,10,true,1.00,27,439,25,1,2031,1655
3,1.2,1.2,3.0,true,krys,11,true,1.00,24,432,23,1,1799,362
3,1.2,1.2,3.0,true,krys,12,true,1.00,7771,417,7770,236,648618,2568
3,1.2,1.2,3.0,true,krys,13,true,1.00,27,425,25,1,2112,851
3,1.2,1.2,3.0,true,krys,14,true,1.00,17,403,16,1,1037,412
3,1.2,1.2,3.0,true,krys,15,true,1.00,21,433,20,1,1803,634
3,1.2,1.2,3.0,true,krys,16,true,1.00,28,467,26,1,1992,734
3,1.2,1.2,3.0,true,krys,17,true,1.00,34,496,31,1,2711,672
3,1.2,1.2,3.0,true,krys,18,true,1.00,21,430,19,1,1562,856
3,1.2,1.2,3.0,true,krys,19,true,1.00,6798,431,6797,206,589423,2745
3,1.2,1.2,3.0,true,krys,20,true,1.00,61,449,59,2,4856,682
3,1.2,1.2,3.0,true,krys,21,true,1.00,11,399,10,1,839,216
3,1.2,1.2,3.0,true,krys,22,true,1.00,6,374,5,1,368,75
3,1.2,1.2,3.0,true,krys,23,true,1.00,19,460,17,1,1428,388
3,1.2,1.2,3.0,true,krys,24,true,1.00,8285,500,8284,254,685740,2313
3,1.2,1.2,3.0,true,krys,25,true,1.00,325,397,323,10,29028,1265
3,1.2,1.2,3.0,true,krys,26,true,1.00,34,394,32,1,2773,1104
3,1.2,1.2,3.0,true,krys,27,true,1.00,6353,392,6352,193,551272,1279
3,1.2,1.2,3.0,true,krys,28,true,1.00,2607,481,2605,79,224896,1654
3,1.2,1.2,3.0,true,krys,29,true,1.00,6191,483,6190,188,555148,1544
3,1.2,1.2,3.0,true,krys,30,true,1.00,9983,483,9982,303,836304,2444
3,1.2,1.2,3.0,true,krys,31,true,1.00,20,436,19,1,1503,611
3,1.2,1.2,3.0,true,krys,32,true,1.00,13,399,12,1,980,312
3,1.2,1.2,3.0,true,krys,33,true,1.00,18,433,16,1,1150,348
3,1.2,1.2,3.0,true,krys,34,true,1.00,158,455,156,5,14195,1591
3,1.2,1.2,3.0,true,krys,35,true,1.00,3102,405,3101,94,283570,2559
3,1.2,1.2,3.0,true,krys,36,true,1.00,10746,430,10746,328,925402,2454
3,1.2,1.2,3.0,true,krys,37,true,1.00,2953,482,2951,91,278664,2888
3,1.2,1.2,3.0,true,krys,38,true,1.00,2528,444,2526,77,235854,809
3,1.2,1.2,3.0,true,krys,39,true,1.00,2541,450,2540,77,218330,2430
3,1.2,1.2,3.0,true,krys,40,true,1.00,22,434,20,1,1825,532
3,1.2,1.2,3.0,true,krys,41,true,1.00,7614,424,7613,230,667512,1105
3,1.2,1.2,3.0,true,krys,42,true,1.00,32,427,30,1,2423,406
3,1.2,1.2,3.0,true,krys,43,true,1.00,20,371,18,1,1491,468
3,1.2,1.2,3.0,true,krys,44,true,1.00,31,472,29,1,2532,1489
3,1.2,1.2,3.0,true,krys,45,true,1.00,19,402,17,1,1258,484
3,1.2,1.2,3.0,true,krys,46,true,1.00,67,464,65,2,5538,877
3,1.2,1.2,3.0,true,krys,47,true,1.00,14,459,12,1,1013,286
3,1.2,1.2,3.0,true,krys,48,true,1.00,8,360,6,1,500,98
3,1.2,1.2,3.0,true,krys,49,true,1.00,28,436,26,1,2008,507
3,1.2,1.2,3.0,true,krys,50,true,1.00,8579,450,8578,265,750565,1050
3,1.2,1.2,3.0,true,krys,51,true,1.00,14,412,13,1,1057,563
3,1.2,1.2,3.0,true,krys,52,true,1.00,1059,465,1057,32,84963,1428
3,1.2,1.2,3.0,true,krys,53,true,1.00,3514,458,3513,107,289769,522
3,1.2,1.2,3.0,true,krys,54,true,1.00,464,475,462,14,42094,1108
3,1.2,1.2,3.0,true,krys,55,true,1.00,29,469,27,1,2494,1308
3,1.2,1.2,3.0,true,krys,56,true,1.00,10,345,8,1,710,312
3,1.2,1.2,3.0,true,krys,57,true,1.00,10,359,9,1,640,89
3,1.2,1.2,3.0,true,krys,58,true,1.00,7817,484,7816,242,673561,2368
3,1.2,1.2,3.0,true,krys,59,true,1.00,159,455,157,5,11809,729
3,1.2,1.2,3.0,true,krys,60,true,1.00,10779,456,10778,328,937601,1566
3,1.2,1.2,3.0,true,krys,61,true,1.00,33,453,31,1,2780,648
3,1.2,1.2,3.0,true,krys,62,true,1.00,4193,456,4191,129,326740,2388
3,1.2,1.2,3.0,true,krys,63,true,1.00,14135,589,14135,442,1213626,2321
3,1.2,1.2,3.0,true,krys,64,true,1.00,1351,516,1349,41,130226,1260
3,1.2,1.2,3.0,true,krys,65,true,1.00,7414,455,7413,225,601370,2427
3,1.2,1.2,3.0,true,krys,66,true,1.00,4807,455,4805,146,397928,1279
3,1.2,1.2,3.0,true,krys,67,true,1.00,10365,530,10364,314,943927,2322
3,1.2,1.2,3.0,true,krys,68,true,1.00,8,378,7,1,560,232
3,1.2,1.2,3.0,true,krys,69,true,1.00,6892,533,6890,209,611863,1296
3,1.2,1.2,3.0,true,krys,70,true,1.00,12541,545,12540,380,1113655,2891
3,1.2,1.2,3.0,true,krys,71,true,1.00,8,404,7,1,651,264
3,1.2,1.2,3.0,true,krys,72,true,1.00,28,386,26,1,2165,534
3,1.2,1.2,3.0,true,krys,73,true,1.00,7938,417,7937,241,678209,1172
3,1.2,1.2,3.0,true,krys,74,true,1.00,66,371,64,2,4912,1407
3,1.2,1.2,3.0,true,krys,75,true,1.00,31,434,29,1,2214,616
3,1.2,1.2,3.0,true,krys,76,true,1.00,3959,376,3957,120,359017,2361
3,1.2,1.2,3.0,true,krys,77,true,1.00,12,380,11,1,858,304
3,1.2,1.2,3.0,true,krys,78,true,1.00,4686,478,4684,142,436507,2854
3,1.2,1.2,3.0,true,krys,79,true,1.00,10,390,8,1,659,411
3,1.2,1.2,3.0,true,krys,80,true,1.00,19,438,17,1,1309,295
3,1.2,1.2,3.0,true,krys,81,true,1.00,11,382,9,1,699,89
3,1.2,1.2,3.0,true,krys,82,true,1.00,22,401,21,1,1623,794
3,1.2,1.2,3.0,true,krys,83,true,1.00,9284,444,9284,282,819379,1306
3,1.2,1.2,3.0,true,krys,84,true,1.00,13,352,11,1,724,138
3,1.2,1.2,3.0,true,krys,85,true,1.00,30,454,28,1,2448,413
3,1.2,1.2,3.0,true,krys,86,true,1.00,8925,482,8924,271,805566,2299
3,1.2,1.2,3.0,true,krys,87,true,1.00,9,410,7,1,533,86
3,1.2,1.2,3.0,true,krys,88,true,1.00,19,469,16,1,1363,163
3,1.2,1.2,3.0,true,krys,89,true,1.00,15,367,13,1,1028,270
3,1.2,1.2,3.0,true,krys,90,true,1.00,88,406,87,3,8428,1136
3,1.2,1.2,3.0,true,krys,91,true,1.00,17,413,15,1,1157,356
3,1.2,1.2,3.0,true,krys,92,true,1.00,11140,423,11140,343,914735,2346
3,1.2,1.2,3.0,true,krys,93,true,1.00,16,414,15,1,1243,873
3,1.2,1.2,3.0,true,krys,94,true,1.00,9,378,7,1,515,169
3,1.2,1.2,3.0,true,krys,95,true,1.00,298,429,296,9,22276,2067
3,1.2,1.2,3.0,true,krys,96,true,1.00,11,369,9,1,717,139
3,1.2,1.2,3.0,true,krys,97,true,1.00,88,423,86,3,7018,2168
3,1.2,1.2,3.0,true,krys,98,true,1.00,2479,488,2477,78,217355,1792
3,1.2,1.2,3.0,true,krys,99,true,1.00,33,436,31,1,2411,549
3,1.2,1.2,3.0,true,krys,100,true,1.00,5,361,4,1,294,86
3,1.2,1.2,3.0,true,patternCount,1,true,1.00,8741,493,8740,265,921284,1883
3,1.2,1.2,3.0,true,patternCount,2,true,1.00,28,553,26,1,1213,232
3,1.2,1.2,3.0,true,patternCount,3,true,1.00,21,557,19,1,1404,320
3,1.2,1.2,3.0,true,patternCount,4,true,1.00,5,468,3,1,281,20
3,1.2,1.2,3.0,true,patternCount,5,true,1.00,18,443,16,1,1263,582
3,1.2,1.2,3.0,true,patternCount,6,true,1.00,7,460,5,1,385,93
3,1.2,1.2,3.0,true,patternCount,7,true,1.00,11,563,9,1,677,167
3,1.2,1.2,3.0,true,patternCount,8,true,1.00,15209,551,15208,461,1492382,1870
3,1.2,1.2,3.0,true,patternCount,9,true,1.00,13,506,11,1,854,161
3,1.2,1.2,3.0,true,patternCount,10,true,1.00,14,455,12,1,942,144
3,1.2,1.2,3.0,true,patternCount,11,true,1.00,13,506,11,1,930,320
3,1.2,1.2,3.0,true,patternCount,12,true,1.00,19,497,17,1,1328,342
3,1.2,1.2,3.0,true,patternCount,13,true,1.00,16,524,13,1,957,209
3,1.2,1.2,3.0,true,patternCount,14,true,1.00,12,454,10,1,850,296
3,1.2,1.2,3.0,true,patternCount,15,true,1.00,6,471,4,1,284,35
3,1.2,1.2,3.0,true,patternCount,16,true,1.00,17,438,15,1,1135,281
3,1.2,1.2,3.0,true,patternCount,17,true,1.00,12,443,10,1,840,315
3,1.2,1.2,3.0,true,patternCount,18,true,1.00,10,466,8,1,590,58
3,1.2,1.2,3.0,true,patternCount,19,true,1.00,16,458,14,1,1083,159
3,1.2,1.2,3.0,true,patternCount,20,true,1.00,11,542,9,1,613,99
3,1.2,1.2,3.0,true,patternCount,21,true,1.00,14,481,12,1,827,152
3,1.2,1.2,3.0,true,patternCount,22,true,1.00,28,525,26,1,2403,555
3,1.2,1.2,3.0,true,patternCount,23,true,1.00,24,558,22,1,2102,987
3,1.2,1.2,3.0,true,patternCount,24,true,1.00,13,458,11,1,874,288
3,1.2,1.2,3.0,true,patternCount,25,true,1.00,10,474,8,1,614,305
3,1.2,1.2,3.0,true,patternCount,26,true,1.00,11,498,9,1,631,102
3,1.2,1.2,3.0,true,patternCount,27,true,1.00,23,531,20,1,1656,374
3,1.2,1.2,3.0,true,patternCount,28,true,1.00,14,462,9,1,661,196
3,1.2,1.2,3.0,true,patternCount,29,true,1.00,8,428,6,1,454,214
3,1.2,1.2,3.0,true,patternCount,30,true,1.00,6,475,4,1,332,38
3,1.2,1.2,3.0,true,patternCount,31,true,1.00,24,518,22,1,1450,555
3,1.2,1.2,3.0,true,patternCount,32,true,1.00,20,580,18,1,1363,182
3,1.2,1.2,3.0,true,patternCount,33,true,1.00,13,596,11,1,827,51
3,1.2,1.2,3.0,true,patternCount,34,true,1.00,17,572,15,1,1132,179
3,1.2,1.2,3.0,true,patternCount,35,true,1.00,15,486,13,1,963,347
3,1.2,1.2,3.0,true,patternCount,36,true,1.00,14,583,12,1,914,99
3,1.2,1.2,3.0,true,patternCount,37,true,1.00,12,487,10,1,759,140
3,1.2,1.2,3.0,true,patternCount,38,true,1.00,16,576,14,1,970,81
3,1.2,1.2,3.0,true,patternCount,39,true,1.00,16,575,14,1,1088,129
3,1.2,1.2,3.0,true,patternCount,40,true,1.00,10,554,8,1,620,168
3,1.2,1.2,3.0,true,patternCount,41,true,1.00,11,528,9,1,739,250
3,1.2,1.2,3.0,true,patternCount,42,true,1.00,9,505,7,1,496,60
3,1.2,1.2,3.0,true,patternCount,43,true,1.00,12,512,10,1,766,186
3,1.2,1.2,3.0,true,patternCount,44,true,1.00,11,460,9,1,632,220
3,1.2,1.2,3.0,true,patternCount,45,true,1.00,11,566,8,1,574,41
3,1.2,1.2,3.0,true,patternCount,46,true,1.00,9,451,7,1,540,76
3,1.2,1.2,3.0,true,patternCount,47,true,1.00,10,556,8,1,577,64
3,1.2,1.2,3.0,true,patternCount,48,true,1.00,9,455,7,1,516,77
3,1.2,1.2,3.0,true,patternCount,49,true,1.00,22,487,20,1,1557,447
3,1.2,1.2,3.0,true,patternCount,50,true,1.00,24,524,22,1,1771,480
3,1.2,1.2,3.0,true,patternCount,51,true,1.00,9,483,7,1,491,58
3,1.2,1.2,3.0,true,patternCount,52,true,1.00,10,516,8,1,645,152
3,1.2,1.2,3.0,true,patternCount,53,true,1.00,7,474,5,1,332,74
3,1.2,1.2,3.0,true,patternCount,54,true,1.00,7,556,5,1,421,29
3,1.2,1.2,3.0,true,patternCount,55,true,1.00,13,474,11,1,861,249
3,1.2,1.2,3.0,true,patternCount,56,true,1.00,8,452,6,1,486,108
3,1.2,1.2,3.0,true,patternCount,57,true,1.00,9,447,8,1,578,95
3,1.2,1.2,3.0,true,patternCount,58,true,1.00,18,499,16,1,1274,289
3,1.2,1.2,3.0,true,patternCount,59,true,1.00,8,441,7,1,566,121
3,1.2,1.2,3.0,true,patternCount,60,true,1.00,12,538,10,1,749,188
3,1.2,1.2,3.0,true,patternCount,61,true,1.00,11,571,9,1,657,124
3,1.2,1.2,3.0,true,patternCount,62,true,1.00,8,477,6,1,504,236
3,1.2,1.2,3.0,true,patternCount,63,true,1.00,8,475,6,1,459,115
3,1.2,1.2,3.0,true,patternCount,64,true,1.00,14,450,13,1,974,212
3,1.2,1.2,3.0,true,patternCount,65,true,1.00,9,430,7,1,529,98
3,1.2,1.2,3.0,true,patternCount,66,true,1.00,8,487,6,1,432,54
3,1.2,1.2,3.0,true,patternCount,67,true,1.00,14,535,12,1,986,158
3,1.2,1.2,3.0,true,patternCount,68,true,1.00,15,492,13,1,990,208
3,1.2,1.2,3.0,true,patternCount,69,true,1.00,16,514,14,1,1069,297
3,1.2,1.2,3.0,true,patternCount,70,true,1.00,9,496,7,1,563,108
3,1.2,1.2,3.0,true,patternCount,71,true,1.00,12,534,10,1,691,117
3,1.2,1.2,3.0,true,patternCount,72,true,1.00,11,421,11,1,769,268
3,1.2,1.2,3.0,true,patternCount,73,true,1.00,17,573,14,1,1102,257
3,1.2,1.2,3.0,true,patternCount,74,true,1.00,15,516,13,1,934,227
3,1.2,1.2,3.0,true,patternCount,75,true,1.00,11,505,9,1,646,64
3,1.2,1.2,3.0,true,patternCount,76,true,1.00,6,483,4,1,323,42
3,1.2,1.2,3.0,true,patternCount,77,true,1.00,12,488,10,1,766,242
3,1.2,1.2,3.0,true,patternCount,78,true,1.00,14,501,12,1,1026,301
3,1.2,1.2,3.0,true,patternCount,79,true,1.00,5,464,3,1,291,25
3,1.2,1.2,3.0,true,patternCount,80,true,1.00,17,543,15,1,1208,193
3,1.2,1.2,3.0,true,patternCount,81,true,1.00,20,448,18,1,1554,703
3,1.2,1.2,3.0,true,patternCount,82,true,1.00,9,489,7,1,530,183
3,1.2,1.2,3.0,true,patternCount,83,true,1.00,10,435,9,1,621,80
3,1.2,1.2,3.0,true,patternCount,84,true,1.00,15,416,13,1,1023,218
3,1.2,1.2,3.0,true,patternCount,85,true,1.00,9,526,7,1,507,70
3,1.2,1.2,3.0,true,patternCount,86,true,1.00,14,538,12,1,858,276
3,1.2,1.2,3.0,true,patternCount,87,true,1.00,11,495,8,1,609,194
3,1.2,1.2,3.0,true,patternCount,88,true,1.00,16,522,14,1,1156,279
3,1.2,1.2,3.0,true,patternCount,89,true,1.00,11,466,10,1,694,123
3,1.2,1.2,3.0,true,patternCount,90,true,1.00,14,507,12,1,844,288
3,1.2,1.2,3.0,true,patternCount,91,true,1.00,16,491,14,1,1034,188
3,1.2,1.2,3.0,true,patternCount,92,true,1.00,11,514,10,1,680,223
3,1.2,1.2,3.0,true,patternCount,93,true,1.00,13,538,11,1,831,115
3,1.2,1.2,3.0,true,patternCount,94,true,1.00,12,470,10,1,876,338
3,1.2,1.2,3.0,true,patternCount,95,true,1.00,19,484,17,1,1291,317
3,1.2,1.2,3.0,true,patternCount,96,true,1.00,17,571,15,1,1025,128
3,1.2,1.2,3.0,true,patternCount,97,true,1.00,6,487,4,1,291,38
3,1.2,1.2,3.0,true,patternCount,98,true,1.00,11,489,9,1,692,430
3,1.2,1.2,3.0,true,patternCount,99,true,1.00,21,649,18,1,1446,460
3,1.2,1.2,3.0,true,patternCount,100,true,1.00,10,450,8,1,649,84
3,1.2,1.6,3.0,true,original,1,true,1.00,8,410,6,1,431,97
3,1.2,1.6,3.0,true,original,2,true,1.00,9,329,7,1,557,78
3,1.2,1.6,3.0,true,original,3,true,1.00,5,269,4,1,277,76
3,1.2,1.6,3.0,true,original,4,true,1.00,99,496,97,3,8059,1108
3,1.2,1.6,3.0,true,original,5,true,1.00,2477,516,2475,75,198069,1317
3,1.2,1.6,3.0,true,original,6,true,1.00,2288,283,2287,70,200623,1951
3,1.2,1.6,3.0,true,original,7,true,1.00,34,471,32,1,2520,1176
3,1.2,1.6,3.0,true,original,8,true,1.00,7,323,6,1,438,160
3,1.2,1.6,3.0,true,original,9,true,1.00,19,426,18,1,1328,257
3,1.2,1.6,3.0,true,original,10,true,1.00,5,275,4,1,318,83
3,1.2,1.6,3.0,true,original,11,true,1.00,15,497,13,1,1061,231
3,1.2,1.6,3.0,true,original,12,true,1.00,761,569,758,23,63548,874
3,1.2,1.6,3.0,true,original,13,true,1.00,3,299,2,1,128,9
3,1.2,1.6,3.0,true,original,14,true,1.00,6,351,5,1,310,55
3,1.2,1.6,3.0,true,original,15,true,1.00,201,855,197,6,14927,484
3,1.2,1.6,3.0,true,krys,1,true,1.00,11408,585,11407,354,1019273,2335
3,1.2,1.6,3.0,true,krys,2,true,1.00,26,451,24,1,1955,768
3,1.2,1.6,3.0,true,krys,3,true,1.00,9685,480,9684,302,863709,2628
3,1.2,1.6,3.0,true,krys,4,true,1.00,7264,490,7263,220,598171,1976
3,1.2,1.6,3.0,true,krys,5,true,1.00,6,349,4,1,279,58
3,1.2,1.6,3.0,true,krys,6,true,1.00,26,406,24,1,1975,794
3,1.2,1.6,3.0,true,krys,7,true,1.00,12,402,11,1,869,356
3,1.2,1.6,3.0,true,krys,8,true,1.00,5184,525,5182,157,408460,1296
3,1.2,1.6,3.0,true,krys,9,true,1.00,5,379,4,1,298,72
3,1.2,1.6,3.0,true,krys,10,true,1.00,18,439,13,1,1180,792
3,1.2,1.6,3.0,true,krys,11,true,1.00,21,397,19,1,1510,356
3,1.2,1.6,3.0,true,krys,12,true,1.00,7705,414,7704,234,646731,2582
3,1.2,1.6,3.0,true,krys,13,true,1.00,30,433,28,1,2225,1128
3,1.2,1.6,3.0,true,krys,14,true,1.00,53,404,51,2,3772,2131
3,1.2,1.6,3.0,true,krys,15,true,1.00,21,433,20,1,1773,594
3,1.2,1.6,3.0,true,krys,16,true,1.00,30,470,28,1,2106,726
3,1.2,1.6,3.0,true,krys,17,true,1.00,1184,462,1183,36,102469,691
3,1.2,1.6,3.0,true,krys,18,true,1.00,20,396,18,1,1522,806
3,1.2,1.6,3.0,true,krys,19,true,1.00,6402,404,6401,194,552562,2574
3,1.2,1.6,3.0,true,krys,20,true,1.00,34,458,32,1,2631,797
3,1.2,1.6,3.0,true,krys,21,true,1.00,11,388,10,1,823,180
3,1.2,1.6,3.0,true,krys,22,true,1.00,10,350,9,1,718,155
3,1.2,1.6,3.0,true,krys,23,true,1.00,18,463,16,1,1356,348
3,1.2,1.6,3.0,true,krys,24,true,1.00,8315,463,8314,253,690672,2317
3,1.2,1.6,3.0,true,krys,25,true,1.00,129,397,127,4,11196,1337
3,1.2,1.6,3.0,true,krys,26,true,1.00,34,387,32,1,2887,881
3,1.2,1.6,3.0,true,krys,27,true,1.00,6354,392,6353,193,552397,1304
3,1.2,1.6,3.0,true,krys,28,true,1.00,3426,455,3424,104,295948,2044
3,1.2,1.6,3.0,true,krys,29,true,1.00,6191,485,6189,188,554782,1545
3,1.2,1.6,3.0,true,krys,30,true,1.00,9976,489,9975,303,835669,2744
3,1.2,1.6,3.0,true,krys,31,true,1.00,19,378,17,1,1257,378
3,1.2,1.6,3.0,true,krys,32,true,1.00,15,399,13,1,1140,456
3,1.2,1.6,3.0,true,krys,33,true,1.00,19,442,16,1,1210,267
3,1.2,1.6,3.0,true,krys,34,true,1.00,320,468,318,10,28869,1561
3,1.2,1.6,3.0,true,krys,35,true,1.00,4318,421,4317,131,392989,1933
3,1.2,1.6,3.0,true,krys,36,true,1.00,7315,423,7314,225,616277,2618
3,1.2,1.6,3.0,true,krys,37,true,1.00,2769,443,2768,84,263327,2851
3,1.2,1.6,3.0,true,krys,38,true,1.00,64,457,62,2,5931,2357
3,1.2,1.6,3.0,true,krys,39,true,1.00,2103,452,2101,64,183179,1298
3,1.2,1.6,3.0,true,krys,40,true,1.00,22,441,21,1,1822,302
3,1.2,1.6,3.0,true,krys,41,true,1.00,7401,424,7400,224,651810,1439
3,1.2,1.6,3.0,true,krys,42,true,1.00,26,427,25,1,2048,356
3,1.2,1.6,3.0,true,krys,43,true,1.00,23,376,21,1,1555,475
3,1.2,1.6,3.0,true,krys,44,true,1.00,30,472,28,1,2498,1506
3,1.2,1.6,3.0,true,krys,45,true,1.00,18,397,16,1,1198,497
3,1.2,1.6,3.0,true,krys,46,true,1.00,263,464,261,8,22421,1043
3,1.2,1.6,3.0,true,krys,47,true,1.00,20,474,19,1,1626,447
3,1.2,1.6,3.0,true,krys,48,true,1.00,9,368,7,1,570,123
3,1.2,1.6,3.0,true,krys,49,true,1.00,31,437,29,1,2302,530
3,1.2,1.6,3.0,true,krys,50,true,1.00,8298,437,8297,252,733993,1404
3,1.2,1.6,3.0,true,krys,51,true,1.00,17,413,15,1,1193,730
3,1.2,1.6,3.0,true,krys,52,true,1.00,6930,478,6929,211,551281,1583
3,1.2,1.6,3.0,true,krys,53,true,1.00,1313,456,1311,40,109658,536
3,1.2,1.6,3.0,true,krys,54,true,1.00,1123,468,1121,34,103071,1463
3,1.2,1.6,3.0,true,krys,55,true,1.00,30,469,28,1,2493,1221
3,1.2,1.6,3.0,true,krys,56,true,1.00,10,346,9,1,727,317
3,1.2,1.6,3.0,true,krys,57,true,1.00,10,352,8,1,593,131
3,1.2,1.6,3.0,true,krys,58,true,1.00,7817,491,7816,242,676705,2327
3,1.2,1.6,3.0,true,krys,59,true,1.00,88,420,86,3,6521,404
3,1.2,1.6,3.0,true,krys,60,true,1.00,10937,449,10935,332,951951,2604
3,1.2,1.6,3.0,true,krys,61,true,1.00,133,453,131,4,11632,696
3,1.2,1.6,3.0,true,krys,62,true,1.00,2898,435,2897,88,226643,2372
3,1.2,1.6,3.0,true,krys,63,true,1.00,13118,567,13116,420,1133836,2544
3,1.2,1.6,3.0,true,krys,64,true,1.00,1381,507,1379,42,135000,1344
3,1.2,1.6,3.0,true,krys,65,true,1.00,4419,428,4418,134,346322,2145
3,1.2,1.6,3.0,true,krys,66,true,1.00,5116,482,5115,155,421026,1881
3,1.2,1.6,3.0,true,krys,67,true,1.00,10567,520,10567,321,954304,2330
3,1.2,1.6,3.0,true,krys,68,true,1.00,9,378,8,1,592,220
3,1.2,1.6,3.0,true,krys,69,true,1.00,8996,507,8995,273,793061,1699
3,1.2,1.6,3.0,true,krys,70,true,1.00,12536,537,12535,379,1107902,3243
3,1.2,1.6,3.0,true,krys,71,true,1.00,9,413,7,1,632,258
3,1.2,1.6,3.0,true,krys,72,true,1.00,31,386,30,1,2520,663
3,1.2,1.6,3.0,true,krys,73,true,1.00,8746,447,8745,265,753231,2713
3,1.2,1.6,3.0,true,krys,74,true,1.00,56,380,54,2,4229,459
3,1.2,1.6,3.0,true,krys,75,true,1.00,325,418,323,10,25498,932
3,1.2,1.6,3.0,true,krys,76,true,1.00,4220,386,4219,128,383862,2060
3,1.2,1.6,3.0,true,krys,77,true,1.00,11,406,9,1,690,126
3,1.2,1.6,3.0,true,krys,78,true,1.00,3859,434,3857,119,358129,2623
3,1.2,1.6,3.0,true,krys,79,true,1.00,13,396,11,1,870,401
3,1.2,1.6,3.0,true,krys,80,true,1.00,22,429,20,1,1585,307
3,1.2,1.6,3.0,true,krys,81,true,1.00,13,406,11,1,801,128
3,1.2,1.6,3.0,true,krys,82,true,1.00,67,396,65,2,5019,909
3,1.2,1.6,3.0,true,krys,83,true,1.00,8174,410,8172,248,714785,1007
3,1.2,1.6,3.0,true,krys,84,true,1.00,12,353,10,1,740,187
3,1.2,1.6,3.0,true,krys,85,true,1.00,159,497,157,5,13645,876
3,1.2,1.6,3.0,true,krys,86,true,1.00,9485,523,9484,288,845467,2530
3,1.2,1.6,3.0,true,krys,87,true,1.00,18,427,16,1,1167,533
3,1.2,1.6,3.0,true,krys,88,true,1.00,22,446,20,1,1646,394
3,1.2,1.6,3.0,true,krys,89,true,1.00,14,395,12,1,955,304
3,1.2,1.6,3.0,true,krys,90,true,1.00,10,397,9,1,681,185
3,1.2,1.6,3.0,true,krys,91,true,1.00,17,403,16,1,1143,565
3,1.2,1.6,3.0,true,krys,92,true,1.00,12594,475,12594,388,1039540,2513
3,1.2,1.6,3.0,true,krys,93,true,1.00,19,396,18,1,1432,952
3,1.2,1.6,3.0,true,krys,94,true,1.00,8,378,6,1,469,103
3,1.2,1.6,3.0,true,krys,95,true,1.00,62,422,61,2,4595,885
3,1.2,1.6,3.0,true,krys,96,true,1.00,11,369,9,1,782,160
3,1.2,1.6,3.0,true,krys,97,true,1.00,287,429,285,9,23396,2149
3,1.2,1.6,3.0,true,krys,98,true,1.00,3170,504,3168,98,276246,1755
3,1.2,1.6,3.0,true,krys,99,true,1.00,96,444,94,3,7172,386
3,1.2,1.6,3.0,true,krys,100,true,1.00,6,361,4,1,341,138
3,1.2,1.6,3.0,true,patternCount,1,true,1.00,8746,493,8745,265,928660,2199
3,1.2,1.6,3.0,true,patternCount,2,true,1.00,19,553,16,1,1260,237
3,1.2,1.6,3.0,true,patternCount,3,true,1.00,22,557,20,1,1665,263
3,1.2,1.6,3.0,true,patternCount,4,true,1.00,6,468,4,1,281,20
3,1.2,1.6,3.0,true,patternCount,5,true,1.00,18,460,17,1,1331,547
3,1.2,1.6,3.0,true,patternCount,6,true,1.00,8,430,7,1,478,218
3,1.2,1.6,3.0,true,patternCount,7,true,1.00,12,563,9,1,680,149
3,1.2,1.6,3.0,true,patternCount,8,true,1.00,660,497,658,20,60078,1857
3,1.2,1.6,3.0,true,patternCount,9,true,1.00,15,506,12,1,949,283
3,1.2,1.6,3.0,true,patternCount,10,true,1.00,14,425,12,1,946,149
3,1.2,1.6,3.0,true,patternCount,11,true,1.00,14,506,12,1,992,412
3,1.2,1.6,3.0,true,patternCount,12,true,1.00,20,497,19,1,1378,298
3,1.2,1.6,3.0,true,patternCount,13,true,1.00,17,524,15,1,1116,206
3,1.2,1.6,3.0,true,patternCount,14,true,1.00,13,442,11,1,893,296
3,1.2,1.6,3.0,true,patternCount,15,true,1.00,11,495,9,1,708,355
3,1.2,1.6,3.0,true,patternCount,16,true,1.00,17,438,15,1,1189,281
3,1.2,1.6,3.0,true,patternCount,17,true,1.00,11,470,9,1,726,211
3,1.2,1.6,3.0,true,patternCount,18,true,1.00,10,466,9,1,688,94
3,1.2,1.6,3.0,true,patternCount,19,true,1.00,15,475,13,1,990,170
3,1.2,1.6,3.0,true,patternCount,20,true,1.00,12,542,10,1,702,97
3,1.2,1.6,3.0,true,patternCount,21,true,1.00,12,493,11,1,771,110
3,1.2,1.6,3.0,true,patternCount,22,true,1.00,22,524,20,1,1773,571
3,1.2,1.6,3.0,true,patternCount,23,true,1.00,35,519,33,1,3340,1896
3,1.2,1.6,3.0,true,patternCount,24,true,1.00,13,458,11,1,925,301
3,1.2,1.6,3.0,true,patternCount,25,true,1.00,10,474,8,1,615,296
3,1.2,1.6,3.0,true,patternCount,26,true,1.00,11,486,9,1,636,102
3,1.2,1.6,3.0,true,patternCount,27,true,1.00,17,513,15,1,1183,374
3,1.2,1.6,3.0,true,patternCount,28,true,1.00,12,512,10,1,700,224
3,1.2,1.6,3.0,true,patternCount,29,true,1.00,8,423,6,1,487,218
3,1.2,1.6,3.0,true,patternCount,30,true,1.00,6,475,4,1,333,37
3,1.2,1.6,3.0,true,patternCount,31,true,1.00,25,506,23,1,1709,589
3,1.2,1.6,3.0,true,patternCount,32,true,1.00,23,580,20,1,1542,214
3,1.2,1.6,3.0,true,patternCount,33,true,1.00,17,614,14,1,1108,203
3,1.2,1.6,3.0,true,patternCount,34,true,1.00,17,541,15,1,1154,174
3,1.2,1.6,3.0,true,patternCount,35,true,1.00,14,486,12,1,938,345
3,1.2,1.6,3.0,true,patternCount,36,true,1.00,16,665,13,1,1000,93
3,1.2,1.6,3.0,true,patternCount,37,true,1.00,15,445,13,1,939,179
3,1.2,1.6,3.0,true,patternCount,38,true,1.00,17,589,15,1,978,76
3,1.2,1.6,3.0,true,patternCount,39,true,1.00,19,592,16,1,1242,293
3,1.2,1.6,3.0,true,patternCount,40,true,1.00,10,522,8,1,581,139
3,1.2,1.6,3.0,true,patternCount,41,true,1.00,12,528,10,1,773,279
3,1.2,1.6,3.0,true,patternCount,42,true,1.00,10,514,8,1,607,110
3,1.2,1.6,3.0,true,patternCount,43,true,1.00,13,512,11,1,805,228
3,1.2,1.6,3.0,true,patternCount,44,true,1.00,11,460,9,1,685,234
3,1.2,1.6,3.0,true,patternCount,45,true,1.00,11,566,8,1,614,56
3,1.2,1.6,3.0,true,patternCount,46,true,1.00,9,451,7,1,590,76
3,1.2,1.6,3.0,true,patternCount,47,true,1.00,10,541,8,1,604,85
3,1.2,1.6,3.0,true,patternCount,48,true,1.00,9,437,7,1,573,172
3,1.2,1.6,3.0,true,patternCount,49,true,1.00,27,568,25,1,1884,473
3,1.2,1.6,3.0,true,patternCount,50,true,1.00,29,500,28,1,2277,936
3,1.2,1.6,3.0,true,patternCount,51,true,1.00,8,486,6,1,509,59
3,1.2,1.6,3.0,true,patternCount,52,true,1.00,12,488,10,1,765,212
3,1.2,1.6,3.0,true,patternCount,53,true,1.00,7,474,5,1,347,80
3,1.2,1.6,3.0,true,patternCount,54,true,1.00,8,554,5,1,426,34
3,1.2,1.6,3.0,true,patternCount,55,true,1.00,16,486,14,1,1117,270
3,1.2,1.6,3.0,true,patternCount,56,true,1.00,9,452,7,1,527,121
3,1.2,1.6,3.0,true,patternCount,57,true,1.00,10,443,8,1,571,99
3,1.2,1.6,3.0,true,patternCount,58,true,1.00,20,499,18,1,1425,313
3,1.2,1.6,3.0,true,patternCount,59,true,1.00,9,447,7,1,635,135
3,1.2,1.6,3.0,true,patternCount,60,true,1.00,13,538,11,1,759,152
3,1.2,1.6,3.0,true,patternCount,61,true,1.00,11,579,9,1,683,124
3,1.2,1.6,3.0,true,patternCount,62,true,1.00,12,480,10,1,754,141
3,1.2,1.6,3.0,true,patternCount,63,true,1.00,8,475,6,1,468,114
3,1.2,1.6,3.0,true,patternCount,64,true,1.00,17,496,16,1,1204,360
3,1.2,1.6,3.0,true,patternCount,65,true,1.00,16,454,14,1,1143,294
3,1.2,1.6,3.0,true,patternCount,66,true,1.00,8,514,6,1,496,80
3,1.2,1.6,3.0,true,patternCount,67,true,1.00,17,526,15,1,1137,222
3,1.2,1.6,3.0,true,patternCount,68,true,1.00,16,546,14,1,1063,245
3,1.2,1.6,3.0,true,patternCount,69,true,1.00,16,514,14,1,1186,350
3,1.2,1.6,3.0,true,patternCount,70,true,1.00,9,442,7,1,567,106
3,1.2,1.6,3.0,true,patternCount,71,true,1.00,12,531,10,1,800,146
3,1.2,1.6,3.0,true,patternCount,72,true,1.00,13,439,11,1,844,498
3,1.2,1.6,3.0,true,patternCount,73,true,1.00,17,618,15,1,1025,174
3,1.2,1.6,3.0,true,patternCount,74,true,1.00,16,516,14,1,1102,228
3,1.2,1.6,3.0,true,patternCount,75,true,1.00,12,505,9,1,662,80
3,1.2,1.6,3.0,true,patternCount,76,true,1.00,6,483,4,1,313,34
3,1.2,1.6,3.0,true,patternCount,77,true,1.00,13,488,11,1,819,273
3,1.2,1.6,3.0,true,patternCount,78,true,1.00,14,501,12,1,1033,302
3,1.2,1.6,3.0,true,patternCount,79,true,1.00,5,464,3,1,294,26
3,1.2,1.6,3.0,true,patternCount,80,true,1.00,20,543,18,1,1405,329
3,1.2,1.6,3.0,true,patternCount,81,true,1.00,20,448,18,1,1552,626
3,1.2,1.6,3.0,true,patternCount,82,true,1.00,9,480,7,1,552,192
3,1.2,1.6,3.0,true,patternCount,83,true,1.00,10,435,9,1,606,68
3,1.2,1.6,3.0,true,patternCount,84,true,1.00,15,487,13,1,1018,263
3,1.2,1.6,3.0,true,patternCount,85,true,1.00,9,526,7,1,518,94
3,1.2,1.6,3.0,true,patternCount,86,true,1.00,13,467,12,1,827,143
3,1.2,1.6,3.0,true,patternCount,87,true,1.00,11,495,9,1,629,195
3,1.2,1.6,3.0,true,patternCount,88,true,1.00,16,516,13,1,1112,286
3,1.2,1.6,3.0,true,patternCount,89,true,1.00,10,482,8,1,545,65
3,1.2,1.6,3.0,true,patternCount,90,true,1.00,16,461,15,1,1106,329
3,1.2,1.6,3.0,true,patternCount,91,true,1.00,17,497,15,1,1075,177
3,1.2,1.6,3.0,true,patternCount,92,true,1.00,12,511,10,1,775,223
3,1.2,1.6,3.0,true,patternCount,93,true,1.00,15,538,13,1,907,114
3,1.2,1.6,3.0,true,patternCount,94,true,1.00,14,452,12,1,938,385
3,1.2,1.6,3.0,true,patternCount,95,true,1.00,19,444,17,1,1369,415
3,1.2,1.6,3.0,true,patternCount,96,true,1.00,22,614,20,1,1427,175
3,1.2,1.6,3.0,true,patternCount,97,true,1.00,6,487,4,1,304,43
3,1.2,1.6,3.0,true,patternCount,98,true,1.00,12,489,10,1,705,444
3,1.2,1.6,3.0,true,patternCount,99,true,1.00,28,550,26,1,2017,617
3,1.2,1.6,3.0,true,patternCount,100,true,1.00,18,486,16,1,1214,300
